title,company,location,salary,date,hyperlink
Machine Learning Engineer,Cisco Systems,"Remote in San Jose, CA",,Posted 1 day ago,https://www.indeed.com/rc/clk?jk=82b85eee5dbb1716&fccid=dfc44f3b8c44a6db&vjs=3
Machine Learning Engineer (Remote),Curai,"Remote in San Francisco Bay Area, CA","$150,000 - $200,000 a year",Posted 30+ days ago,https://www.indeed.com/rc/clk?jk=247e94f9a28c544f&fccid=9f156dd45bd33047&vjs=3
Machine Learning Engineer,EX Squared Outcoding,Remote,,Posted 1 day ago,https://www.indeed.com/rc/clk?jk=0a1725c98c70e9c4&fccid=dd616958bd9ddc12&vjs=3
Machine Learning Engineer,EX2 Outcoding,Remote,,Posted 30+ days ago,https://www.indeed.com/rc/clk?jk=52df6484f50c0eb6&fccid=a2a923487dc9475f&vjs=3
Big Data Engineer,CommandLink,Remote,,Active 3 days ago,https://www.indeed.com/pagead/clk?mo=r&ad=-6NYlbfkN0CG-vjf4hYAZYm80m63yKEfSdS2NP3Bvdw_2K0x-LpiDwvQW58_Qso2wL8gZ3y_HvkfEj2T-gCwJDyBxU5jZ110pvvj3OPnKzz9RL4HYemCFYJJLLJG9lk-3Vtaj_J5D75eKuhkSYrVoWakp_ET57MNH9tRuSacTpazKGwDkJx6NFpTQUdVJoAr7FTIU9PUUVm3OEk4pycY5Zmuqtuk5TNcEpnvsdl9divlX2OJ4b76x7MXjl8Uke9wCfnnaxqaBDs0v9xFBD6_TBqJWXoqDo9_thxUAdK7MfvZMGrniF8Zgsy8rnF_-6o4Yu0I-Yx3P2Rq42s8gY-ooAtK3wphlDrP-LCi-AeKoV4sXaC61JJ_oloXPUUyhJq5zf7LbhysV6nlrXFKfYSJhZvCMHis7_69L3ZPnJG3In31ggJN__cWHGkT1y9-gmPh8OcALn2ST_dXerzWfWlaX-XFS-YMpqJDChPsyNixeVq5DdANUNfTqw7_mmhEAmJY6I_knIm8S1Qoz4GUbY6zQySKHt_sNnDIriYQAFaDtHySi0mCJ6zXa7xCaA6Fac6TpaXl_b8Fm9qrZykz3M7zUZDYu-gOL6JsX45h8wUvEh0=&xkcb=SoDC-_M3JnE0uQWbRx0NbzkdCdPP&p=6&fvj=1&vjs=3
Machine Learning Engineer - Obstetric Ultrasound,GE Healthcare,Remote,"$120,000 - $150,000 a year",Posted 30+ days ago,https://www.indeed.com/rc/clk?jk=7f5ed737b504546f&fccid=65b5f2aba4dbd31f&vjs=3
Machine Learning Engineer,Glimpse.ai,Remote,,Posted 30+ days ago,https://www.indeed.com/rc/clk?jk=fd2341f99aea9576&fccid=2931fe8a40705c6c&vjs=3
Machine Learning Engineer,Vida Health,Remote,"$125,000 - $185,000 a year",Posted 23 days ago,https://www.indeed.com/rc/clk?jk=6a8dc50833822cfb&fccid=fb72bf94b853fcc4&vjs=3
Machine Learning Engineer,DataBuzz Ltd,"Remote in San Francisco, CA 94102","$250,000 a year",Posted 20 days ago,https://www.indeed.com/rc/clk?jk=2152c308a1619873&fccid=29687feedc969ea1&vjs=3
Machine Learning Engineer - Risk,Kafene,"Remote in New York, NY","$130,000 - $160,000 a year",Posted 6 days ago,https://www.indeed.com/rc/clk?jk=418b00bff4821004&fccid=8691459517219a86&vjs=3
"Software Engineer, Machine Learning",Meta,Remote,"$116,002 - $168,000 a year",Posted 1 day ago,https://www.indeed.com/rc/clk?jk=d1e2189927421f85&fccid=ba07516c418dda52&vjs=3
Machine Learning Engineer,Booz Allen Hamilton,"Remote in Washington, DC","$73,100 - $166,000 a year",Today,https://www.indeed.com/rc/clk?jk=bbed8c6c18ccfc30&fccid=4e041af1d0af1bc8&vjs=3
