applied?,title,company,location,salary,date,hyperlink,stars,sector,num_employees,glassdoor_link
y,Machine Learning Engineer,Cisco Systems,"Remote in San Jose, CA",,Posted 1 day ago,https://www.indeed.com/rc/clk?jk=82b85eee5dbb1716&fccid=dfc44f3b8c44a6db&vjs=3,4.4,Enterprise Software & Network Solutions,10K+ Employees,"https://www.glassdoor.com/Overview/Working-at-Cisco-Systems-EI_IE1425.11,24.htm"
,Machine Learning Engineer (Remote),Curai,"Remote in San Francisco Bay Area, CA","$150,000 - $200,000 a year",Posted 30+ days ago,https://www.indeed.com/rc/clk?jk=247e94f9a28c544f&fccid=9f156dd45bd33047&vjs=3,4.5,Hospitals & Health Clinics,51 to 200 Employees,"https://www.glassdoor.com/Overview/Working-at-Curai-EI_IE2925569.11,16.htm"
,Machine Learning Engineer,EX Squared Outcoding,Remote,,Posted 1 day ago,https://www.indeed.com/rc/clk?jk=0a1725c98c70e9c4&fccid=dd616958bd9ddc12&vjs=3,-1,,,
,Machine Learning Engineer,EX2 Outcoding,Remote,,Posted 30+ days ago,https://www.indeed.com/rc/clk?jk=52df6484f50c0eb6&fccid=a2a923487dc9475f&vjs=3,4,Staffing & Subcontracting,201 to 500 Employees,"https://www.glassdoor.com/Overview/Working-at-EX-Outcoding-EI_IE692293.11,23.htm"
,Big Data Engineer,CommandLink,Remote,,Active 3 days ago,https://www.indeed.com/pagead/clk?mo=r&ad=-6NYlbfkN0CG-vjf4hYAZYm80m63yKEfSdS2NP3Bvdw_2K0x-LpiDwvQW58_Qso2wL8gZ3y_HvkfEj2T-gCwJDyBxU5jZ110pvvj3OPnKzz9RL4HYemCFYJJLLJG9lk-3Vtaj_J5D75eKuhkSYrVoWakp_ET57MNH9tRuSacTpazKGwDkJx6NFpTQUdVJoAr7FTIU9PUUVm3OEk4pycY5Zmuqtuk5TNcEpnvsdl9divlX2OJ4b76x7MXjl8Uke9wCfnnaxqaBDs0v9xFBD6_TBqJWXoqDo9_thxUAdK7MfvZMGrniF8Zgsy8rnF_-6o4Yu0I-Yx3P2Rq42s8gY-ooAtK3wphlDrP-LCi-AeKoV4sXaC61JJ_oloXPUUyhJq5zf7LbhysV6nlrXFKfYSJhZvCMHis7_69L3ZPnJG3In31ggJN__cWHGkT1y9-gmPh8OcALn2ST_dXerzWfWlaX-XFS-YMpqJDChPsyNixeVq5DdANUNfTqw7_mmhEAmJY6I_knIm8S1Qoz4GUbY6zQySKHt_sNnDIriYQAFaDtHySi0mCJ6zXa7xCaA6Fac6TpaXl_b8Fm9qrZykz3M7zUZDYu-gOL6JsX45h8wUvEh0=&xkcb=SoDC-_M3JnE0uQWbRx0NbzkdCdPP&p=6&fvj=1&vjs=3,3.8,Telecommunications Services,1 to 50 Employees,"https://www.glassdoor.com/Overview/Working-at-CommandLink-EI_IE5402433.11,22.htm"
,Machine Learning Engineer - Obstetric Ultrasound,GE Healthcare,Remote,"$120,000 - $150,000 a year",Posted 30+ days ago,https://www.indeed.com/rc/clk?jk=7f5ed737b504546f&fccid=65b5f2aba4dbd31f&vjs=3,4.3,Health Care Services & Hospitals,10K+ Employees,"https://www.glassdoor.com/Overview/Working-at-GE-HealthCare-EI_IE4112.11,24.htm"
,Machine Learning Engineer,Glimpse.ai,Remote,,Posted 30+ days ago,https://www.indeed.com/rc/clk?jk=fd2341f99aea9576&fccid=2931fe8a40705c6c&vjs=3,4.3,,1 to 50 Employees,"https://www.glassdoor.com/Overview/Working-at-The-Glimpse-Group-EI_IE2405763.11,28.htm"
,Machine Learning Engineer,Vida Health,Remote,"$125,000 - $185,000 a year",Posted 23 days ago,https://www.indeed.com/rc/clk?jk=6a8dc50833822cfb&fccid=fb72bf94b853fcc4&vjs=3,2.9,Health Care Services & Hospitals,501 to 1K Employees,"https://www.glassdoor.com/Overview/Working-at-Vida-Health-EI_IE1428038.11,22.htm"
,Machine Learning Engineer,DataBuzz Ltd,"Remote in San Francisco, CA 94102","$250,000 a year",Posted 20 days ago,https://www.indeed.com/rc/clk?jk=2152c308a1619873&fccid=29687feedc969ea1&vjs=3,-1,,,"https://www.glassdoor.com/Overview/Working-at-DataBuzz-EI_IE8027179.11,19.htm"
,Machine Learning Engineer - Risk,Kafene,"Remote in New York, NY","$130,000 - $160,000 a year",Posted 6 days ago,https://www.indeed.com/rc/clk?jk=418b00bff4821004&fccid=8691459517219a86&vjs=3,3.8,Consumer Product Rental,51 to 200 Employees,"https://www.glassdoor.com/Overview/Working-at-Kafene-EI_IE3431336.11,17.htm"
,"Software Engineer, Machine Learning",Meta,Remote,"$116,002 - $168,000 a year",Posted 1 day ago,https://www.indeed.com/rc/clk?jk=d1e2189927421f85&fccid=ba07516c418dda52&vjs=3,3.9,Internet & Web Services,10K+ Employees,"https://www.glassdoor.com/Overview/Working-at-Meta-EI_IE40772.11,15.htm"
,Machine Learning Engineer,Booz Allen Hamilton,"Remote in Washington, DC","$73,100 - $166,000 a year",Today,https://www.indeed.com/rc/clk?jk=bbed8c6c18ccfc30&fccid=4e041af1d0af1bc8&vjs=3,4.2,Business Consulting,10K+ Employees,"https://www.glassdoor.com/Overview/Working-at-Booz-Allen-Hamilton-EI_IE2735.11,30.htm"
